<wfState parentWizardPath="C:/MentorGraphics/ODB++_Inside_Cadence_Allegro/brd2odb_dir/sys/wizards/brd2odb.xmlz">
    <variables>
        <variable value="0.2" name="fMatch"/>
        <variable value="tda_reva" name="elJOB"/>
        <variable value="true" name="bSilk"/>
        <variable value="yes" name="bReadRegion"/>
        <variable value="v8" name="oVersion"/>
        <variable value="eda" name="tCompPackageLogicalNet"/>
        <variable value="th" name="tDrillRout"/>
        <variable value="no" name="bRoundCorners"/>
        <variable value="false" name="bHelpGui"/>
        <variable value="ss" name="tSilk"/>
        <variable value="no" name="bBoundary"/>
        <variable value="-1" name="textCOMANS"/>
        <variable value="no" name="bIff"/>
        <variable value="false" name="bDelete"/>
        <variable value="no" name="bBb"/>
        <variable value="no" name="oTrSym"/>
        <variable value="directory" name="oCompression"/>
        <variable value="${pEDASourcePath}" name="pLogPath"/>
        <variable value="true" name="bVwr"/>
        <variable value="false" name="bNetlist"/>
        <variable value="0" name="intSTATUS"/>
        <variable value="" name="pTf"/>
        <variable value="true" name="bNeutNets"/>
        <variable value="" name="tUdb"/>
        <variable value="yes" name="bRemoveRedundantDielectric"/>
        <variable value="" name="tUdt"/>
        <variable value="true" name="bDrillRout"/>
        <variable value="false" name="bVer"/>
        <variable value="0.1" name="fOutline"/>
        <variable value="" name="tFlexMaterialList"/>
        <variable value="false" name="bFab"/>
        <variable value="" name="pReadConfig"/>
        <variable value="standard" name="textCurrentMode"/>
        <variable value="" name="listDBList"/>
        <variable value="" name="eModels"/>
        <variable value="true" name="bSolderM"/>
        <variable value="" name="tActualDesignPath"/>
        <variable value="false" name="bMoreOpt"/>
        <variable value="" name="tDiodPin1Name"/>
        <variable value="" name="elDPRS"/>
        <variable value="yes" name="oNetNoneFlag"/>
        <variable value="true" name="bSolderP"/>
        <variable value="false" name="bAssem"/>
        <variable value="" name="tUdr"/>
        <variable value="true" name="boolIsDirectMode"/>
        <variable value="C:/MentorGraphics/ODB++_Inside_Cadence_Allegro/brd2odb_dir/tmp/files_list-genesis186a8.desktop-mg1kdhg.1620" name="eResp"/>
        <variable value="true" name="bPhysicalNets"/>
        <variable value="false" name="bJobExist"/>
        <variable value="no" name="bSupportOutdatedFiles"/>
        <variable value="no" name="oReadSqa"/>
        <variable value="no" name="bSuppressR0"/>
        <variable value="true" name="bGuiMode"/>
        <variable value="" name="tRemoveCompDetails"/>
        <variable value="" name="pAifFile"/>
        <variable value="true" name="bDoc"/>
        <variable value="no" name="bReadDrc"/>
        <variable value="false" name="bHelp"/>
        <variable value="misc" name="tMiscellaneous"/>
        <variable value="no" name="bUsePanel"/>
        <variable value="no" name="bSilkFill"/>
        <variable value="C:/Users/ACER/Documents/Hardware_Design/TDA_USB_Converter/allegro" name="pOutputPath"/>
        <variable value="cam_compare" name="oInvocationMode"/>
        <variable value="" name="textCurrentDC"/>
        <variable value="out_cpr" name="tOuter"/>
        <variable value="" name="pMatrixFile"/>
        <variable value="default" name="oTm"/>
        <variable value="inch" name="oApplicationUnits"/>
        <variable value="place_bound" name="oComponent"/>
        <variable value="no" name="oSkipRefdes"/>
        <variable value="doc" name="tDoc"/>
        <variable value="mentor_boardstation" name="oEDA"/>
        <variable value="fatf" name="oASM"/>
        <variable value="full" name="oExport"/>
        <variable value="false" name="bVerify"/>
        <variable value="C:/Users/ACER/Documents/Hardware_Design/TDA_USB_Converter/allegro/tda_reva" name="out_job_full_path"/>
        <variable value="phys_nets" name="tPhysicalNets"/>
        <variable value="no" name="bSuppressPads"/>
        <variable value="true" name="bOuter"/>
        <variable value="C:/Users/ACER/Documents/Hardware_Design/TDA_USB_Converter/allegro/tda_reva.brd" name="pEDASourcePath"/>
        <variable value="inn_cpr" name="tInner"/>
        <variable value="sm" name="tSolderM"/>
        <variable value="stp" name="elSTEP"/>
        <variable value="false" name="bRemoveEDA"/>
        <variable value="tda_reva" name="tOutDesignName"/>
        <variable value="true" name="bInner"/>
        <variable value="r" name="oProfileSymbolType"/>
        <variable value="sp" name="tSolderP"/>
        <variable value="ignore" name="oPadflash"/>
        <variable value="false" name="bRemoveCompDetails"/>
        <variable value="brd2odb_log" name="tLogName"/>
        <variable value="no" name="bThermalError"/>
        <variable value="true" name="bMiscellaneous"/>
        <variable value="no" name="oSuppress"/>
        <variable value="no" name="bSolderName"/>
        <variable value="no" name="bFi"/>
    </variables>
    <stages>
        <stage name="Settings_Preferences" skip="false"/>
    </stages>
    <executionState nextCmdIndex="34" nextBlockIndex="7" running="true" executionMode="standard" designCenter="" nextStageIndex="0" nextStageName="Settings_Preferences"/>
</wfState>
